{
  "total_predictions": 18,
  "malicious_detected": 17,
  "benign_classified": 1,
  "high_confidence_alerts": 15,
  "network_patterns_analyzed": 0,
  "model_accuracy_score": 0.0,
  "last_prediction_time": "2025-09-07T03:39:11.987851",
  "prediction_history": [
    "0.99983895",
    "0.9999654",
    "0.999979",
    "0.9999759",
    "0.9999759",
    "0.9999759",
    "0.9999759",
    "0.9998641",
    "0.9999759",
    "0.9999759",
    "0.9999759",
    "0.9999759",
    "0.9999759",
    0.7653650567157796,
    0.7653650567157796,
    0.20707654061305075,
    0.9645137300454644,
    0.9494336396019512
  ],
  "confidence_distribution": {
    "high": 15,
    "medium": 2,
    "low": 1
  },
  "threat_types_detected": {
    "irc": 6,
    "http": 1,
    "unknown": 1,
    "http-alt": 6
  },
  "false_positive_rate": 0.0,
  "average_confidence": 0.999927818775177
}