{
  "total_predictions": 13,
  "malicious_detected": 13,
  "benign_classified": 0,
  "high_confidence_alerts": 13,
  "network_patterns_analyzed": 0,
  "model_accuracy_score": 0.0,
  "last_prediction_time": "2025-08-31T18:57:24.607467",
  "prediction_history": [
    "0.99983895",
    "0.9999654",
    "0.999979",
    "0.9999759",
    "0.9999759",
    "0.9999759",
    "0.9999759",
    "0.9998641",
    "0.9999759",
    "0.9999759",
    "0.9999759",
    "0.9999759",
    "0.9999759"
  ],
  "confidence_distribution": {
    "high": 13,
    "medium": 0,
    "low": 0
  },
  "threat_types_detected": {
    "irc": 5,
    "http": 1,
    "unknown": 1,
    "http-alt": 5
  },
  "false_positive_rate": 0.0,
  "average_confidence": 0.999927818775177
}